Workbook

Sheet Setup
A1: QuantExt currency swap with FX resets: setup
A2: Dates and fixings follow the Cross_Currency_Swap_rebalancing regression test; curves are flat.
A4: Item | B4: Value | C4: Error | E4: Schedule dates | F4: FX fixing date (period start - 2D)
A5: Evaluation date | B5: =_xll.qlSettingsSetEvaluationDate(DATE(2019,12,30),FALSE) -> TRUE | C5: =_xll.ohRangeRetrieveError(B5) | E5: {=_xll.qlScheduleDates(B24)} -> 42405
A6: EUR flat rate | B6: 0 | E6: 42587
A7: USD flat rate | B7: 0.02 | E7: 42772
A8: EUR/USD spot | B8: 1.1199 | E8: 42954
A9: EUR/USD spot quote | B9: =_xll.qlSimpleQuote("EurUsdSpot",B8,0,FALSE,B5) -> EurUsdSpot#0001 | C9: =_xll.ohRangeRetrieveError(B9) | E9: 43136
A10: USD/EUR spot quote | B10: =_xll.qlSimpleQuote("UsdEurSpot",1/B8,0,FALSE,B5) -> UsdEurSpot#0001 | C10: =_xll.ohRangeRetrieveError(B10) | E10: 43318
A11: EUR curve | B11: =_xll.qlFlatForward("EurCurve",0,"TARGET",B6,"Actual/365 (Fixed)","Continuous","Annual",FALSE,B5) -> EurCurve#0001 | C11: =_xll.ohRangeRetrieveError(B11) | E11: 43501
A12: USD curve | B12: =_xll.qlFlatForward("UsdCurve",0,"TARGET",B7,"Actual/365 (Fixed)","Continuous","Annual",FALSE,B5) -> UsdCurve#0001 | C12: =_xll.ohRangeRetrieveError(B12) | E12: 43682 | F12: =_xll.qlCalendarAdvance("TARGET",E12,"-2D") -> 43678
A13: FX index EUR/USD (holds the ECB fixings) | B13: =_xll.qlFxIndex("FxEurUsd","ECB",2,"EUR","USD","TARGET",B9,B11,B12,TRUE,FALSE,B5) -> FxEurUsd#0001 | C13: =_xll.ohRangeRetrieveError(B13) | E13: 43866 | F13: =_xll.qlCalendarAdvance("TARGET",E13,"-2D") -> 43864
A14: FX index USD/EUR (inverts the EUR/USD fixings) | B14: =_xll.qlFxIndex("FxUsdEur","ECB",2,"USD","EUR","TARGET",B10,B12,B11,TRUE,FALSE,B5) -> FxUsdEur#0001 | C14: =_xll.ohRangeRetrieveError(B14) | E14: 44048 | F14: =_xll.qlCalendarAdvance("TARGET",E14,"-2D") -> 44046
A15: Fixing date | B15: =DATE(2019,8,1) -> 43678 | E15: 44232 | F15: =_xll.qlCalendarAdvance("TARGET",E15,"-2D") -> 44230
A16: ECB EUR/USD fixing value | B16: 1.1037 | E16: 44413 | F16: =_xll.qlCalendarAdvance("TARGET",E16,"-2D") -> 44411
A17: Add FX fixing | B17: =_xll.qlIndexAddFixings(B13,B15,B16,TRUE) -> TRUE | C17: =_xll.ohRangeRetrieveError(B17) | E17: 44599 | F17: =_xll.qlCalendarAdvance("TARGET",E17,"-2D") -> 44595
A18: Euribor 6M | B18: =_xll.qlEuribor("Euribor6M","6M",B11,FALSE,B5) -> Euribor6M#0001 | C18: =_xll.ohRangeRetrieveError(B18) | E18: 44778 | F18: =_xll.qlCalendarAdvance("TARGET",E18,"-2D") -> 44776
A19: EUR-EURIBOR-6M fixing value | B19: -0.00363 | E19: 44963 | F19: =_xll.qlCalendarAdvance("TARGET",E19,"-2D") -> 44959
A20: Add Euribor fixing | B20: =_xll.qlIndexAddFixings(B18,B15,B19,TRUE) -> TRUE | C20: =_xll.ohRangeRetrieveError(B20) | E20: 45145 | F20: =_xll.qlCalendarAdvance("TARGET",E20,"-2D") -> 45141
A21: USD Libor 6M | B21: =_xll.qlLibor("UsdLibor6M","USD","6M",B12,FALSE,B5) -> UsdLibor6M#0001 | C21: =_xll.ohRangeRetrieveError(B21) | E21: 45327 | F21: =_xll.qlCalendarAdvance("TARGET",E21,"-2D") -> 45323
A22: USD-LIBOR-6M fixing value | B22: 0.0222688 | E22: 45509 | F22: =_xll.qlCalendarAdvance("TARGET",E22,"-2D") -> 45505
A23: Add Libor fixing | B23: =_xll.qlIndexAddFixings(B21,B15,B22,TRUE) -> TRUE | C23: =_xll.ohRangeRetrieveError(B23) | E23: 45693 | F23: =_xll.qlCalendarAdvance("TARGET",E23,"-2D") -> 45691
A24: Trade schedule | B24: =_xll.qlSchedule("TradeSchedule",DATE(2016,2,5),DATE(2026,2,5),"6M","TARGET","Modified Following","Modified Following","Forward",FALSE,,,FALSE,B5) -> TradeSchedule#0001 | C24: =_xll.ohRangeRetrieveError(B24) | E24: 45874 | F24: =_xll.qlCalendarAdvance("TARGET",E24,"-2D") -> 45870
A25: Remaining schedule (from 2019-08-05) | B25: =_xll.qlSchedule("RemainingSchedule",E12,E25,"6M","TARGET","Modified Following","Modified Following","Forward",FALSE,,,FALSE,B24) -> RemainingSchedule#0001 | C25: =_xll.ohRangeRetrieveError(B25) | E25: 46058
A26: Trigger (all of the above) | B26: =AND(B17,B20,B23,NOT(ISERROR(B14)),NOT(ISERROR(B25))) -> TRUE

Sheet CurrencySwap
A1: qlCurrencySwap: receive USD-LIBOR-6M on USD 100m, pay EUR-EURIBOR-6M + 150bp on an FX-reset notional
A2: Remaining periods from 2019-08-05. Priced with qlDiscountingCurrencySwapEngine, NPV currency USD.
A4: Item | B4: Value | C4: Error | H4: Engine curves | I4: Engine FX quotes | J4: Currencies | K4: Payer | L4: Swap legs
A5: USD Libor leg | B5: =_xll.qlIborLeg("UsdLeg","Modified Following",{100000000},Setup!B25,{2},FALSE,"Actual/360",,,Setup!B21,{0}) -> UsdLeg#0001 | C5: =_xll.ohRangeRetrieveError(B5) | H5: =Setup!B12 -> UsdCurve#0001 | I5: =B9 -> UsdUsdSpot#0001 | J5: USD | K5: FALSE | L5: =B5 -> UsdLeg#0001
A6: Underlying EUR Euribor leg (unit nominal) | B6: =_xll.qlIborLeg("EurUnitLeg","Modified Following",{1},Setup!B25,{2},FALSE,"Actual/360",,,Setup!B18,{0.015}) -> EurUnitLeg#0001 | C6: =_xll.ohRangeRetrieveError(B6) | H6: =Setup!B11 -> EurCurve#0001 | I6: =Setup!B9 -> EurUsdSpot#0001 | J6: EUR | K6: TRUE | L6: =B7 -> EurLeg#0001
A7: EUR FX-linked notional leg | B7: =_xll.qlFloatingRateFXLinkedNotionalLeg("EurLeg",B6,Setup!F12:F24,100000000,Setup!B14,FALSE,Setup!B26) -> EurLeg#0001 | C7: =_xll.ohRangeRetrieveError(B7) | J7: Leg currencies | K7: TRUE | L7: =B8 -> EurFees#0001
A8: EUR fixed flows (+/- 999.99 on 2020-02-05) | B8: =_xll.qlLeg("EurFees",{999.99,-999.99},Setup!E13*{1,1},FALSE,FALSE,Setup!B26) -> EurFees#0001 | C8: =_xll.ohRangeRetrieveError(B8) | J8: USD
A9: USD/USD quote | B9: =_xll.qlSimpleQuote("UsdUsdSpot",1,0,FALSE,Setup!B26) -> UsdUsdSpot#0001 | C9: =_xll.ohRangeRetrieveError(B9) | J9: EUR
A10: Engine | B10: =_xll.qlDiscountingCurrencySwapEngine("XccyEngine",H5:H6,I5:I6,J5:J6,"USD",FALSE,Setup!B26) -> XccyEngine#0002 | C10: =_xll.ohRangeRetrieveError(B10) | J10: EUR
A11: Swap | B11: =_xll.qlCurrencySwap("Xccy",L5:L7,K5:K7,J8:J10,TRUE,FALSE,FALSE,Setup!B26) -> Xccy#0009 | C11: =_xll.ohRangeRetrieveError(B11)
A12: Set engine | B12: =_xll.qlInstrumentSetPricingEngine(B11,B10) -> TRUE | C12: =_xll.ohRangeRetrieveError(B12)
A13: NPV (USD) | B13: =_xll.qlInstrumentNPV(B11,B12) -> 3207771.4 | C13: =_xll.ohRangeRetrieveError(B13)
A15: Leg | B15: Currency | C15: Leg NPV (USD) | D15: Leg NPV (leg ccy) | E15: Hand: qlLegNPV (leg ccy, signed) | F15: Difference
A16: 0 | B16: =_xll.qlCurrencySwapLegCurrency($B$11,A16,$B$12) -> USD | C16: =_xll.qlCurrencySwapLegNPV($B$11,A16,$B$12) -> 12430631 | D16: =_xll.qlCurrencySwapInCcyLegNPV($B$11,A16,$B$12) -> 12430631 | E16: =1*_xll.qlLegNPV(B5,Setup!B12) -> 12430631 | F16: =D16-E16 -> 0
A17: 1 | B17: =_xll.qlCurrencySwapLegCurrency($B$11,A17,$B$12) -> EUR | C17: =_xll.qlCurrencySwapLegNPV($B$11,A17,$B$12) -> -9222859.8 | D17: =_xll.qlCurrencySwapInCcyLegNPV($B$11,A17,$B$12) -> -8235431.6 | E17: =-1*_xll.qlLegNPV(B7,Setup!B11) -> -8235431.6 | F17: =D17-E17 -> 0
A18: 2 | B18: =_xll.qlCurrencySwapLegCurrency($B$11,A18,$B$12) -> EUR | C18: =_xll.qlCurrencySwapLegNPV($B$11,A18,$B$12) -> 0 | D18: =_xll.qlCurrencySwapInCcyLegNPV($B$11,A18,$B$12) -> 0 | E18: =-1*_xll.qlLegNPV(B8,Setup!B11) -> 0 | F18: =D18-E18 -> 0
A19: Total | C19: =SUM(C16:C18) -> 3207771.4 | F19: =C19-B13 -> 0
A20: EUR legs converted at spot | C20: =(E17+E18)*Setup!B8+E16 -> 3207771.4 | F20: =C20-B13 -> 0
