Workbook

Sheet Setup
A1: QuantExt FX-linked cashflows: setup
A2: Dates and fixings follow the Cross_Currency_Swap_rebalancing regression test; curves are flat.
A4: Item | B4: Value | C4: Error | E4: Schedule dates
A5: Evaluation date | B5: =_xll.qlSettingsSetEvaluationDate(DATE(2019,12,30),FALSE) -> TRUE | C5: =_xll.ohRangeRetrieveError(B5) | E5: {=_xll.qlScheduleDates(B21)} -> 42405
A6: EUR flat rate | B6: 0 | E6: 42587
A7: USD flat rate | B7: 0.02 | E7: 42772
A8: EUR/USD spot | B8: 1.1199 | E8: 42954
A9: EUR/USD spot quote | B9: =_xll.qlSimpleQuote("EurUsdSpot",B8,0,FALSE,B5) -> EurUsdSpot#0001 | C9: =_xll.ohRangeRetrieveError(B9) | E9: 43136
A10: USD/EUR spot quote | B10: =_xll.qlSimpleQuote("UsdEurSpot",1/B8,0,FALSE,B5) -> UsdEurSpot#0001 | C10: =_xll.ohRangeRetrieveError(B10) | E10: 43318
A11: EUR curve | B11: =_xll.qlFlatForward("EurCurve",0,"TARGET",B6,"Actual/365 (Fixed)","Continuous","Annual",FALSE,B5) -> EurCurve#0001 | C11: =_xll.ohRangeRetrieveError(B11) | E11: 43501
A12: USD curve | B12: =_xll.qlFlatForward("UsdCurve",0,"TARGET",B7,"Actual/365 (Fixed)","Continuous","Annual",FALSE,B5) -> UsdCurve#0001 | C12: =_xll.ohRangeRetrieveError(B12) | E12: 43682
A13: FX index EUR/USD (holds the ECB fixings) | B13: =_xll.qlFxIndex("FxEurUsd","ECB",2,"EUR","USD","TARGET",B9,B11,B12,TRUE,FALSE,B5) -> FxEurUsd#0001 | C13: =_xll.ohRangeRetrieveError(B13) | E13: 43866
A14: FX index USD/EUR (inverts the EUR/USD fixings) | B14: =_xll.qlFxIndex("FxUsdEur","ECB",2,"USD","EUR","TARGET",B10,B12,B11,TRUE,FALSE,B5) -> FxUsdEur#0001 | C14: =_xll.ohRangeRetrieveError(B14) | E14: 44048
A15: ECB EUR/USD fixing date | B15: =DATE(2019,8,1) -> 43678 | E15: 44232
A16: ECB EUR/USD fixing value | B16: 1.1037 | E16: 44413
A17: Add FX fixing | B17: =_xll.qlIndexAddFixings(B13,B15,B16,TRUE) -> TRUE | C17: =_xll.ohRangeRetrieveError(B17) | E17: 44599
A18: Euribor 6M | B18: =_xll.qlEuribor("Euribor6M","6M",B11,FALSE,B5) -> Euribor6M#0001 | C18: =_xll.ohRangeRetrieveError(B18) | E18: 44778
A19: EUR-EURIBOR-6M fixing value (2019-08-01) | B19: -0.00363 | E19: 44963
A20: Add Euribor fixing | B20: =_xll.qlIndexAddFixings(B18,B15,B19,TRUE) -> TRUE | C20: =_xll.ohRangeRetrieveError(B20) | E20: 45145
A21: Trade schedule | B21: =_xll.qlSchedule("TradeSchedule",DATE(2016,2,5),DATE(2026,2,5),"6M","TARGET","Modified Following","Modified Following","Forward",FALSE,,,FALSE,B5) -> TradeSchedule#0001 | C21: =_xll.ohRangeRetrieveError(B21) | E21: 45327
A22: Trigger (all of the above) | B22: =AND(B17,B20,NOT(ISERROR(B14)),NOT(ISERROR(B21))) -> TRUE | E22: 45509
E23: 45693
E24: 45874
E25: 46058

Sheet FXLinkedCashFlowLeg
A1: qlFXLinkedCashFlowLeg: EUR resetting notional flows, foreign amount USD 100m
A2: Each flow pays ForeignAmount x USD/EUR fixing. Fixing date = period start less 2 TARGET business days.
A4: Payment date | B4: Period start | C4: FX fixing date | D4: Foreign amount (USD) | E4: USD/EUR fixing | F4: Hand-calculated amount (EUR)
A5: =Setup!E13 -> 43866 | B5: =Setup!E12 -> 43682 | C5: =_xll.qlCalendarAdvance("TARGET",B5,"-2D") -> 43678 | D5: -100000000 | E5: =_xll.qlIndexFixing(Setup!$B$14,C5,FALSE,Setup!$B$22) -> 0.90604331 | F5: =D5*E5 -> -90604331
A6: =Setup!E13 -> 43866 | B6: =Setup!E13 -> 43866 | C6: =_xll.qlCalendarAdvance("TARGET",B6,"-2D") -> 43864 | D6: 100000000 | E6: =_xll.qlIndexFixing(Setup!$B$14,C6,FALSE,Setup!$B$22) -> 0.89127486 | F6: =D6*E6 -> 89127486
A7: =Setup!E14 -> 44048 | B7: =Setup!E13 -> 43866 | C7: =_xll.qlCalendarAdvance("TARGET",B7,"-2D") -> 43864 | D7: -100000000 | E7: =_xll.qlIndexFixing(Setup!$B$14,C7,FALSE,Setup!$B$22) -> 0.89127486 | F7: =D7*E7 -> -89127486
A8: =Setup!E14 -> 44048 | B8: =Setup!E14 -> 44048 | C8: =_xll.qlCalendarAdvance("TARGET",B8,"-2D") -> 44046 | D8: 100000000 | E8: =_xll.qlIndexFixing(Setup!$B$14,C8,FALSE,Setup!$B$22) -> 0.88243071 | F8: =D8*E8 -> 88243071
A10: Leg | B10: =_xll.qlFXLinkedCashFlowLeg("FxLinkedLeg",A5:A8,C5:C8,D5:D8,Setup!B14,FALSE,Setup!B22) -> FxLinkedLeg#0001 | C10: =_xll.ohRangeRetrieveError(B10)
A12: qlLegFlowAnalysis
A13: {=_xll.qlLegFlowAnalysis(B10)} -> Payment Date | B13: Amount | C13: Nominal | D13: Accrual Start Date | E13: Accrual End Date | F13: Accrual Days | G13: Difference vs hand calculation
A14: 43866 | B14: -90604331 | C14: #N/A | D14: #N/A | E14: #N/A | F14: #N/A | G14: =B14-F5 -> 0
A15: 43866 | B15: 89127486 | C15: #N/A | D15: #N/A | E15: #N/A | F15: #N/A | G15: =B15-F6 -> 0
A16: 44048 | B16: -89127486 | C16: #N/A | D16: #N/A | E16: #N/A | F16: #N/A | G16: =B16-F7 -> 0
A17: 44048 | B17: 88243071 | C17: #N/A | D17: #N/A | E17: #N/A | F17: #N/A | G17: =B17-F8 -> 0

Sheet FXLinkedNotionalLeg
A1: qlFloatingRateFXLinkedNotionalLeg: EUR-EURIBOR-6M + 150bp on an FX-reset notional (USD 100m)
A2: Coupon nominal = ForeignAmount x USD/EUR fixing on the FX fixing date of the period.
A4: Item | B4: Value | C4: Error
A5: Sub-schedule (2019-08-05 to 2020-08-05) | B5: =_xll.qlSchedule("SubSchedule",Setup!E12,Setup!E14,"6M","TARGET","Modified Following","Modified Following","Forward",FALSE,,,FALSE,Setup!B22) -> SubSchedule#0001 | C5: =_xll.ohRangeRetrieveError(B5)
A6: Spread | B6: 0.015
A7: Underlying Euribor leg | B7: =_xll.qlIborLeg("EuriborLeg","Modified Following",{1},B5,{2},FALSE,"Actual/360",,,Setup!B18,B6) -> EuriborLeg#0001 | C7: =_xll.ohRangeRetrieveError(B7)
A8: Foreign amount (USD) | B8: 100000000
A9: FX fixing date, period 1 | B9: =_xll.qlCalendarAdvance("TARGET",Setup!E12,"-2D") -> 43678
A10: FX fixing date, period 2 | B10: =_xll.qlCalendarAdvance("TARGET",Setup!E13,"-2D") -> 43864
A11: FX-linked notional leg | B11: =_xll.qlFloatingRateFXLinkedNotionalLeg("FxNotionalLeg",B7,B9:B10,B8,Setup!B14,FALSE,Setup!B22) -> FxNotionalLeg#0001 | C11: =_xll.ohRangeRetrieveError(B11)
A13: qlLegFlowAnalysis
A14: {=_xll.qlLegFlowAnalysis(B11)} -> Payment Date | B14: Amount | C14: Nominal | D14: Accrual Start Date | E14: Accrual End Date | F14: Accrual Days
A15: 43866 | B15: 526531.97 | C15: 90604331 | D15: 43682 | E15: 43866 | F15: 184
A16: 44048 | B16: 675883.44 | C16: 89127486 | D16: 43866 | E16: 44048 | F16: 182
A18: Hand calculation | B18: Nominal | C18: Euribor fixing | D18: Coupon amount | E18: Difference
A19: Period 1 | B19: =B8*_xll.qlIndexFixing(Setup!B14,B9,FALSE,Setup!B22) -> 90604331 | C19: =_xll.qlIndexFixing(Setup!B18,B9,FALSE,Setup!B22) -> -0.00363 | D19: =B19*(C19+B6)*F15/360 -> 526531.97 | E19: =B15-D19 -> 0
A20: Period 2 | B20: =B8*_xll.qlIndexFixing(Setup!B14,B10,FALSE,Setup!B22) -> 89127486 | C20: =_xll.qlIndexFixing(Setup!B18,B10,FALSE,Setup!B22) -> 0 | D20: =B20*(C20+B6)*F16/360 -> 675883.44 | E20: =B16-D20 -> 0
